category,mean
0,6.229786233397055
1,7.64460923921697
2,7.2341731141981
3,6.889369667460108
4,6.401492806968356
5,6.83155195089352
6,8.216457395901028
