category,mean
0,5.968329210617226
1,7.618463077851744
2,7.379719772988789
3,7.806813709063356
4,8.797904335552703
5,7.851538380092232
6,7.994616341148594
