category,mean
0,2.148532011865182
1,3.717295051870223
2,4.872916260609047
3,4.29340892476281
4,4.812468240861902
5,4.665054536048884
6,8.115797602970412
