category,mean
0,2.5166099827898885
1,3.4819253742581124
2,4.592784565401965
3,3.811628678338669
4,5.245058399671641
5,4.253763194625964
6,8.670795334313443
